GeneID,Hwang_D01,Hwang_D02,Hwang_D03,Hwang_D04,Hwang_D05,Hwang_D06,Hwang_D07,Hwang_D08,Hwang_D09,Hwang_N01,Hwang_N02,Hwang_N03,Hwang_N04,Hwang_N05,Hwang_N06,Hwang_N07,Hwang_N08,Hwang_N09,Hwang_N10,Hwang_N11,Hwang_N12,Hye_01,Hye_02,Hye_03,Hye_04,Hye_05,Hye_06,Hye_07,Hye_08,Hye_09,Hye_10,Hye_11,Hye_12,Hye_15,Hye_16,Hye_17,Hye_18,Prat_A7,Prat_A8,Prat_A10,Prat_A12,Prat_A14,Prat_A16,Prat_A18,Prat_A19,Prat_A20,Prat_A21,Prat_A22,Prat_A23,Prat_A24,Prat_A25,Prat_A27,Prat_A28,Prat_A29,Prat_A30,Prat_A31,Prat_A32,Prat_A33,Prat_A35,Prat_A37,Prat_A38,Prat_A39
10148,499,195,43,71,81,171,41,363,97,29,681,136,99,248,123,37,27,25,69,14,39,11,9,12,28,11,7,28,1,9,6,3,11,55,14,29,13,13,26,10,12,10,20,7,21,13,13,30,18,21,20,9,31,14,21,14,10,18,43,9,11,41
10219,1077,1204,92,1468,82,1209,444,1860,640,147,152,770,26,1263,409,1701,194,42,45,35,279,12,27,6,37,151,39,17,20,23,82,35,14,107,8,156,13,38,35,13,56,27,72,26,70,66,26,39,46,55,43,8,32,16,65,113,21,20,101,16,29,49
10288,249,1496,416,10716,356,325,121,698,167,1686,1916,739,419,212,280,4824,16,100,39,718,150,104,726,158,5296,1464,744,4149,98,354,10338,378,460,2169,297,1403,514,202,156,415,93,162,386,282,284,172,182,569,313,249,265,271,269,184,320,399,237,71,304,42,124,243
10538,9770,1972,701,2505,1558,2997,909,4461,2965,1070,6514,5391,1035,2327,7588,2240,284,855,880,467,189,7,87,29,163,62,62,338,10,44,89,16,51,255,288,148,44,243,143,159,40,75,120,69,294,39,113,174,99,240,90,17,93,47,147,110,26,38,217,37,40,54
10563,5747,10554,479,154,5867,8599,907,4604,31218,3888,433,5031,4,12767,3129,4176,1591,5826,56,5,400,14,54,23,4,100,74,65,0,115,4,2,38,885,12,401,27,44,209,872,35,189,221,58,857,73,30,101,607,249,96,122,238,498,1425,57,82,63,374,56,49,54
10578,4868,9671,770,12388,1763,3455,540,9856,1127,3284,2214,1988,338,2056,6049,8471,443,197,245,41,622,13,106,72,156,73,141,85,20,37,1343,10,105,302,30,89,68,502,63,278,83,56,80,44,86,248,145,68,414,2120,51,164,182,216,319,306,157,289,255,106,178,203
10581,10073,7373,10353,22419,14658,8848,1985,18279,10668,8060,27283,22374,14715,4696,11083,10643,1440,1740,5634,1782,3145,332,758,210,4650,1178,916,4796,740,609,9269,2341,716,3038,778,4719,1120,2888,2925,2551,579,2507,5280,3809,2130,2519,2436,2621,2933,2602,4345,452,1325,3741,1137,3856,4063,909,2489,659,998,3587
10663,502,422,252,92,462,643,39,978,61,989,691,543,147,1373,200,435,50,125,39,13,54,47,97,24,140,258,159,142,155,119,118,121,64,355,40,238,122,109,34,143,57,45,105,34,76,107,43,88,148,100,75,53,98,67,235,84,25,58,142,23,68,90
10673,2537,2224,185,811,884,1621,1831,9579,1485,552,490,2917,63,2905,2339,1343,325,205,182,67,747,21,201,69,668,253,258,400,72,156,424,44,116,753,65,199,127,344,102,681,81,202,580,351,164,119,228,683,423,211,218,140,112,170,385,245,194,149,578,62,149,365
10859,1414,881,1687,3894,312,1422,127,1053,798,2480,2835,611,604,552,719,2339,53,92,297,328,187,80,894,139,1706,1296,682,3352,89,505,1318,534,348,3349,163,732,121,116,115,274,59,116,415,132,174,109,137,375,220,203,144,217,114,188,172,189,94,104,290,29,56,184
1088,309,0,0,95,0,0,0,0,0,3,0,33,0,0,0,19,0,0,0,0,0,9,6,33,12,43,5,22,8,18,1257,12,6,2,13,14,3,18,12,8,7,13,248,18,26,30,95,31,26,53,7,11,21,9,15,18,18,15,20,13,24,22
10995,55,14,7,18,1,48,24,161,0,16,17,10,14,3,29,3,7,0,0,0,1,5,28,8,40,39,27,17,7,31,25,2,12,70,12,93,20,132,33,124,75,46,110,30,91,94,41,60,129,136,51,63,55,46,119,88,30,28,172,17,38,43
11126,50,31,161,309,11,196,0,345,0,44,99,48,0,0,0,272,0,0,9,1,16,71,15,29,18,59,37,13,42,80,5,34,25,71,12,35,58,26,9,9,94,13,21,15,18,23,8,19,12,18,12,3,16,17,16,27,17,9,33,7,17,16
112744,0,0,0,0,0,0,0,7,0,0,0,0,0,0,0,6,0,0,0,2,0,0,0,14,0,0,0,7,1,0,4,0,0,1,0,2,1,19,19,9,8,8,22,17,16,17,8,45,24,21,14,5,25,60,20,16,36,25,20,17,18,61
117157,140,104,44,1549,56,127,22,336,253,384,60,385,0,99,452,692,22,18,32,19,61,10,4,25,5,5,3,4,11,25,105,8,1,2,4,3,7,12,22,26,23,19,31,34,36,28,17,44,22,17,31,8,21,23,28,30,15,31,70,14,29,25
1230,1352,1490,723,2829,1071,3291,368,1698,541,1852,3962,1527,501,2563,3877,2193,112,27,294,329,239,22,203,21,1357,122,151,439,37,104,303,88,104,425,37,140,110,130,140,258,83,152,204,185,71,94,128,346,175,177,172,186,99,114,93,161,97,114,138,39,63,249
1231,2746,686,380,1572,147,3141,523,3051,421,697,400,638,165,2187,1408,1371,154,38,89,68,100,31,302,20,213,161,151,286,3,308,103,75,34,207,15,445,59,102,38,108,56,53,148,53,56,91,130,122,124,43,74,95,68,52,52,183,33,31,247,17,52,57
1233,2008,337,13,21,74,164,441,498,678,80,238,214,117,640,272,364,83,40,4,15,65,15,56,10,40,50,40,82,3,109,137,1,24,77,13,351,97,60,23,49,16,27,46,34,74,28,20,45,82,60,45,7,38,29,59,34,29,36,105,16,26,55
1234,3134,1721,315,350,638,3362,757,4395,1444,650,816,2321,118,4113,1972,1005,331,115,192,51,374,9,122,13,513,146,87,69,14,78,67,33,62,306,16,280,50,185,28,121,102,75,80,28,44,80,59,121,111,61,69,97,53,35,184,85,33,43,161,17,28,103
1235,1488,293,0,58,155,112,503,2950,1182,77,88,854,71,1085,371,192,80,6,60,4,77,2,39,8,53,94,25,21,3,95,26,5,9,24,34,124,50,71,28,28,18,47,134,25,78,91,38,79,49,81,57,16,44,13,47,57,34,30,291,20,39,36
1236,7390,1273,139,337,182,708,681,1890,2995,590,584,578,188,2127,245,1179,156,61,63,35,124,9,37,33,41,226,58,35,8,177,188,9,15,94,51,355,34,47,15,27,7,33,47,11,76,19,8,27,18,15,32,14,29,26,83,22,8,13,314,5,15,21
1240,104,66,0,9,16,165,0,5,0,30,0,0,0,79,41,23,0,0,0,0,4,70,535,47,2532,433,298,942,51,179,62,191,187,1638,121,320,465,253,238,491,163,221,514,539,391,270,454,728,445,232,539,169,316,175,322,386,303,139,409,79,143,654
135,505,697,496,568,777,176,61,2148,364,778,1591,542,407,334,247,527,70,425,67,151,181,88,67,48,78,143,60,45,42,90,236,380,26,136,40,163,49,99,37,59,35,56,90,94,135,123,51,78,152,65,64,24,102,54,76,64,34,48,225,43,197,77
1432,11675,5238,6592,17881,13280,5331,3641,61924,5586,6131,11519,13914,3393,9319,10476,11353,6247,7329,8923,2991,3679,2019,1369,945,1190,1398,1778,949,1455,1385,1884,1080,1188,1354,1112,1291,1113,1231,1522,809,474,780,1469,4716,1696,1707,810,2896,11105,1366,959,285,1258,1988,869,1221,943,1707,1232,1352,1504,1237
1436,3243,3530,704,1577,1766,5470,1823,8297,8245,1203,6926,8330,856,2071,4915,2273,353,208,793,248,1150,397,2196,336,21475,2367,1406,7382,288,933,1780,1013,1486,5405,1469,2993,1395,144,44,94,20,47,170,111,92,76,109,310,105,79,164,32,92,56,102,130,68,42,287,27,132,256
1439,9767,4050,2355,12929,2158,4616,1796,9931,8744,3853,7037,3628,1982,7444,3333,11175,607,315,623,1149,947,120,1091,180,5598,1880,750,2319,58,684,3802,1115,474,5663,964,3545,674,623,329,524,373,404,1025,421,1256,590,460,896,686,426,807,261,690,409,714,1421,600,198,1394,205,383,576
1485,0,0,0,0,0,0,0,43237,0,0,0,0,0,0,0,0,0,0,0,0,0,0,0,0,0,0,0,0,0,0,0,0,0,0,0,0,0,36,24,27,17,23,55,46,63,35,27,38,5539,41,26,10,21,36,30,25,39,39,40,36,36,55
1493,1495,603,30,9,302,242,239,561,171,141,127,242,41,614,585,228,135,23,8,4,140,317,87,34,65,58,54,99,12,122,81,7,32,236,30,195,84,156,64,244,36,129,242,60,450,232,66,143,399,358,239,68,208,139,466,163,70,87,552,63,77,163
151888,2583,547,24,91,72,541,176,350,1316,118,79,288,1,1156,441,253,98,31,5,6,78,2,13,15,14,66,26,18,1,80,16,14,5,85,7,71,20,48,30,74,27,36,105,31,189,76,34,61,84,66,36,28,65,47,121,51,31,54,296,30,28,62
1520,15528,10204,1712,8012,3683,12225,7059,40898,13170,4608,3145,19668,756,13900,18507,8482,2101,1556,1266,1391,2425,340,6358,697,14459,1607,1793,8968,1263,1125,7562,1196,2325,12787,1387,6663,766,2449,1958,8674,1548,2131,4968,1782,1800,2028,2964,4972,1999,3701,2287,855,1338,2029,2624,3754,1294,880,2895,369,674,2521
1536,19577,7535,2324,8695,3736,11335,5190,30213,10015,3616,6410,15513,1224,7550,9956,5160,837,621,768,839,1738,777,5715,954,28644,4424,3771,22650,995,3035,7055,1907,2349,23495,2670,4950,2313,1122,266,1414,212,667,2331,848,724,689,1508,2462,942,447,1117,393,597,507,898,827,392,355,1658,79,310,1069
170482,759,494,0,10,44,119,50,45,990,34,58,0,0,615,91,75,0,0,0,4,3,2,7,10,0,3,1,2,1,17,16,2,1,3,0,20,0,24,30,36,12,26,51,30,62,30,20,55,47,26,26,49,34,24,44,27,61,23,255,26,37,29
1755,42,3681,472,165,3,139,793,7256,0,2,2524,805,1527,403,2301,30,1070,0,3,595,25,11,20,1188,177,25320,17,254536,43,42,358,16,13,249,53,27368,18,559,441,36,370,33,6612,42,1306,34998,34,242,331,36,2675,19,1997,275,1185,4734,70,37,319,647,21,36
1959,3596,4030,2909,2005,2956,14497,3738,6448,1849,2140,3893,4723,933,1821,5219,3149,4029,551,1117,2060,3263,127,338,151,3864,1047,223,719,82,640,563,76,341,607,829,2036,472,151,68,83,35,86,226,126,126,135,64,124,288,232,558,23,362,180,275,49,278,132,176,89,366,351
201633,3439,1315,860,596,778,1968,286,2418,615,1820,1028,463,164,1539,844,885,105,53,70,18,212,11,57,22,63,97,55,19,3,115,44,8,55,160,11,157,28,127,38,174,34,63,127,26,107,76,37,91,164,81,72,49,109,103,298,89,37,86,265,29,41,40
203068,11034,10171,9956,3148,38488,9651,4900,115787,7270,11265,64628,21167,5543,7181,37137,3627,18450,20337,10327,18168,15626,18390,18970,10727,11201,5437,11975,8577,7223,9256,8300,20591,14669,13924,18460,9713,11735,3140,1387,3333,387,1401,3227,8217,2015,2098,1533,10346,8327,964,1776,343,4802,6984,1932,1805,2547,10104,1257,1711,3488,4941
2207,6576,9940,8376,12464,5581,8827,3577,17608,4582,13304,23092,36254,6598,5406,7369,14259,725,950,1650,2341,2858,147,1470,237,6543,360,468,6283,187,357,5222,479,467,4119,433,741,412,1535,663,1510,325,977,2234,1384,637,941,1822,3490,2502,1769,1636,401,1335,1145,1637,910,967,631,2066,249,466,2483
2209,1262,1021,962,1392,607,3053,490,6904,2758,1939,1964,2763,248,821,1225,1800,86,114,411,554,468,103,1020,402,3179,869,996,2672,144,308,679,1958,605,7135,217,611,425,47,27,66,17,37,88,75,42,28,46,98,54,56,18,20,26,31,29,91,32,54,42,16,42,53
2213,668,416,169,219,0,349,87,1164,1019,334,820,171,276,32,328,240,77,35,36,72,137,35,336,75,6121,418,181,345,53,134,92,110,205,1131,68,216,122,272,343,879,30,326,690,167,318,176,325,616,343,214,314,122,261,283,154,542,204,100,393,45,104,180
2214,5162,5907,6126,16453,5810,13785,1868,20737,4501,13604,26209,12426,2608,3606,6033,12058,572,578,1997,1749,1173,348,3665,396,33979,1362,1908,5280,382,761,3414,1284,1866,13822,887,1174,1504,1094,680,2985,218,914,3372,1720,717,547,1908,4440,1389,364,1152,527,530,1181,881,859,711,1213,671,80,372,2646
22914,4467,2012,815,6283,885,6082,1051,7570,3047,1035,295,1751,0,3568,3603,3892,455,162,247,29,816,30,280,82,366,263,117,223,50,615,758,342,189,662,56,485,106,157,46,226,104,42,162,39,263,151,76,67,185,132,66,85,107,163,205,96,28,53,163,26,63,88
23,11922,6058,7067,6388,21908,6712,4166,65475,10210,5633,24988,11942,8811,12192,16561,7951,6371,12440,12535,3960,3526,8134,4550,6542,2041,2349,2491,5958,1779,2126,2417,2927,3301,3895,4845,3685,2143,563,471,984,169,411,600,2331,932,621,389,1717,2197,381,501,90,981,1019,387,582,751,2730,387,431,1081,1354
23308,2634,1142,1232,2954,4780,2164,835,3111,1695,881,4504,2697,3699,1340,1483,3697,1669,3235,1943,884,529,49,151,198,717,226,182,165,45,141,243,99,194,202,62,240,209,253,358,214,142,127,256,236,339,155,257,269,200,222,189,33,148,141,404,202,212,197,372,134,574,320
23586,13515,4088,830,3650,6348,7546,3833,21289,5580,1829,2311,7249,819,15875,2349,5751,1074,4095,2589,512,1845,473,838,3492,795,1688,859,1378,1220,962,1305,518,778,1858,590,1382,2479,987,172,404,118,412,440,696,323,246,599,904,410,302,237,266,412,293,586,287,537,384,531,1300,351,1470
2539,2349,2545,1494,3116,23168,2561,1078,80814,1536,18405,23569,9323,1543,4716,19862,5175,11105,4466,2131,2034,1214,3123,11666,4793,1173,2703,13943,1218,498,595,2379,542,1403,2017,5825,1475,1320,1056,798,5973,203,485,782,1118,4480,2076,689,9131,1146,556,892,146,9965,12687,1047,711,2286,2806,4510,4276,3111,6521
2625,931,352,238,395,411,316,189,700,289,2268,1503,720,338,288,156,188,75,172,581,20,308,29,136,299,415,198,653,143,24,86,344,214,83,357,71,443,969,21,11,26,12,15,24,28,71,20,12,41,24,17,15,4,27,63,14,10,12,20,54,14,36,45
27074,3537,4524,6073,549,4606,915,15642,9397,2030,2272,624,1444,3625,8720,7217,795,405,2983,255,177,989,171,1426,3915,175,715,208,28732,68,436,114,2196,1209,485,226,823,229,501,287,203,47,111,442,191,239,1381,34,322,277,90,120,50,399,299,644,365,435,2171,1339,1898,359,14566
29126,2106,1481,4341,988,1469,664,174,1877,0,652,3999,701,796,559,1025,869,5057,86,75,220,283,16,547,505,257,105,90,261,61,106,120,20,31,431,169,97,545,175,11,95,34,85,99,88,78,48,318,154,161,181,51,48,192,61,196,54,489,62,99,36,212,47
2919,1249,4623,234,2624,3318,3739,1310,13843,2674,579,4758,1933,531,704,36122,15724,1478,18887,1230,4511,562,35,329,180,1760,536,894,3957,422,68,729,7,1332,1493,358,3178,1037,750,577,1575,1142,1975,325,144,1110,363,77,1848,234,274,541,33,477,9169,1141,1902,4178,141,65,73,2337,730
29851,1176,279,25,12,175,236,205,870,88,79,40,216,0,255,319,70,71,46,8,1,97,23,92,53,78,53,59,128,0,221,145,13,51,198,22,188,62,112,24,89,12,67,123,28,130,67,31,71,143,94,84,32,79,78,174,64,26,44,327,33,45,54
2990,5546,4797,787,2806,5224,3691,6066,50278,6685,3044,6148,16798,842,6904,12831,2599,4696,3457,3888,1377,3190,5781,2831,2051,6557,2650,2370,2981,4377,2222,2411,15725,2310,3335,5716,3902,2377,975,872,685,160,276,642,638,928,1081,372,1135,1219,597,476,109,773,478,266,480,562,1129,817,540,310,479
2999,613,597,1578,7878,846,3339,150,686,918,3286,1010,1047,45,920,1015,3880,181,21,310,81,120,8,143,36,198,50,55,123,7,58,426,12,68,546,18,245,22,61,32,126,108,25,132,37,43,82,47,60,88,76,43,51,55,68,157,57,40,42,35,17,46,83
30009,444,385,279,2319,268,516,138,505,0,827,97,390,16,289,244,1068,18,35,19,12,160,9,35,75,46,58,23,42,5,36,195,5,15,101,8,112,11,54,38,72,39,40,54,38,69,103,32,72,111,90,37,39,42,50,95,64,40,49,75,28,43,41
3001,2669,2895,1028,4297,1501,8343,658,8492,2155,2543,1600,3961,114,3311,4154,3513,331,191,519,68,833,14,157,40,277,74,91,154,21,76,153,26,57,582,29,379,23,501,95,350,559,129,471,63,172,260,279,113,399,251,180,274,500,298,686,326,103,328,320,53,200,254
3002,966,1654,423,1808,1073,2509,56,1661,1166,2550,780,262,97,1207,1561,1226,358,166,60,44,247,13,169,91,156,85,117,476,3,125,1689,23,47,503,39,194,65,172,75,630,140,70,160,27,240,77,45,137,1471,172,49,589,188,333,809,131,251,160,582,38,123,169
3003,1324,560,132,130,91,1386,542,1152,1578,243,78,1049,73,932,574,698,102,52,69,5,159,19,153,12,285,62,50,63,0,54,89,10,40,581,13,609,14,213,48,111,373,74,282,34,108,104,54,63,271,196,150,91,199,112,307,175,34,34,239,9,26,203
30835,3352,1170,463,25,612,1071,483,1631,1903,380,1495,731,262,423,899,334,42,432,353,56,276,183,354,151,16655,575,208,1181,140,278,372,175,55,601,236,608,2147,107,96,140,30,89,141,139,76,52,220,243,83,34,100,15,89,33,112,674,151,57,142,17,62,420
3105,1,0,1,2,89442,117939,47,55882,585,4,494,6404,108055,51709,4,41946,14203,1015,2476,11,1,18843,31594,8707,49752,22084,14436,48849,14180,9909,55987,6199,27651,64214,31408,71545,22550,20245,6392,18727,3407,6797,15693,12197,17993,11098,6293,24204,38341,13111,9283,1420,9882,8330,12919,9595,9479,29879,17750,4723,7256,16783
3106,33,167,54,56691,49473,610,328,1871,42496,397,108,21,274,32,238,748,7,8,19,19,96,3914,40167,18469,84433,27529,24437,83857,18283,16062,93337,9297,20264,95438,38166,94635,30590,20442,3742,14635,3629,6325,14896,5726,13245,6460,5854,19353,37108,14300,8281,1545,8799,6170,14118,8676,8906,17473,18351,3173,6228,13681
3107,26637,3034,680,5683,112530,27906,3798,83140,28981,4604,21041,6545,2014,12126,9315,3258,1325,1970,3629,698,34637,2526,23008,9767,58158,26528,10663,38292,12013,11000,59796,4381,19009,34968,19686,26489,9435,12678,2312,7515,2607,4666,10562,4413,7523,4776,2396,18495,13130,9072,4764,912,7804,3170,6112,5295,4289,6128,7097,1952,3306,7541
3108,17364,10540,4532,20704,3486,16477,9558,37562,10142,6066,10637,20615,9099,11075,8944,6277,1895,828,1995,1601,4286,181,1953,221,7180,2206,1103,4007,380,651,1051,451,810,3916,1012,2888,719,1097,699,2380,442,584,2711,776,2025,2721,835,3788,1607,1763,1712,167,1016,813,1184,1279,429,350,3941,181,468,1404
3109,4408,21,1025,1946,4,3778,23,101,9,13,4186,4665,13,1653,1166,1241,2,2,437,424,12,52,986,89,2543,723,400,1067,124,326,208,229,364,1953,363,816,278,698,378,2191,281,490,2124,795,946,1169,621,2349,894,724,936,132,523,402,858,756,340,330,2898,90,308,1062
3112,3948,1124,15,426,222,1009,939,1368,1384,341,582,1198,167,1808,1098,154,1248,30,206,99,504,9,66,25,43,64,30,43,7,63,35,8,26,106,23,51,15,153,64,449,63,113,507,93,380,211,74,628,430,232,113,56,194,155,276,152,85,174,849,75,116,255
3113,32778,28618,30812,97969,17201,21,17,92108,47647,16,39383,205387,27,11,35949,31448,3842,2242,4564,7081,14669,398,7843,907,32922,2668,2039,18905,592,2000,3585,1295,2251,15167,2933,7918,1804,3328,1611,10536,1308,2993,8638,3561,1882,2194,3317,10147,3796,2138,4516,1081,1567,1806,4448,3153,1479,1075,11977,228,1157,3910
3115,50801,21473,22672,67746,13561,50014,19467,85391,43647,32017,69306,62320,12175,23810,18393,22783,3829,1207,7409,3992,13076,262,4663,387,15960,2587,1779,8524,337,1245,3655,998,2068,9131,3130,6380,1363,1980,1452,10156,1311,2548,11604,3551,3003,2372,2706,7293,2712,2003,5198,871,1592,1386,2479,3459,1288,1280,10028,215,1159,4026
3117,40,5115,2797,984,5172,3553,59,4141,2001,8091,18896,18902,2091,2266,24,94,227,1,169,619,2243,363,21723,699,100324,4085,5819,5452,220,572,880,891,1749,19353,5632,10623,6269,2644,1778,7444,9,2754,7940,1575,3016,19,17,10198,29,9574,20,5,17,2165,14,2222,1306,1145,20835,44,1093,8005
3122,194381,96505,32001,129880,34584,188859,136617,406755,268985,57092,125228,282994,14204,124544,101838,57198,16499,4994,17403,11456,32333,932,17328,1516,72053,6472,6647,48810,2184,4958,12428,3132,7169,31429,10280,21568,5319,6449,4288,25024,2519,6211,28239,8169,7122,12815,9878,27198,8759,25269,12575,2354,5306,3742,7859,7961,3304,4047,20919,1269,2893,13845
3133,89321,64838,33270,82345,126971,100897,22733,204556,83559,69516,177552,69010,21720,71276,51377,61931,14839,34281,46798,16270,36411,2286,15961,5190,37395,15225,9712,23151,4124,7187,53875,5169,12406,29995,16815,33308,11076,5633,2639,4195,1739,2267,6049,4954,8165,5366,2641,7491,7983,3430,4513,736,3648,5154,4546,5310,4064,4888,6307,1682,4308,4770
3135,116,93,347,16,0,789,0,132,0,17,11058,12,0,0,39,10,0,1,0,8,0,71,59,254,172,31,74,461,147,45,170,8,38,113,62,127,102,1707,531,1991,379,733,2877,2281,2554,1556,385,1409,5364,767,1600,278,1255,700,703,1225,965,4388,1705,210,1178,2748
3383,10589,7074,7276,6952,3877,2521,4339,11563,3523,4870,15017,5164,6685,2155,12560,1269,721,786,391,683,2424,88,888,368,5745,1110,770,9922,257,620,1740,152,458,4152,2116,1076,942,3146,901,1127,139,3653,2298,11715,1277,941,968,10593,1047,4145,2085,228,945,1487,768,715,876,354,4090,116,473,673
3429,16125,7553,2911,4395,13698,10919,3925,4738,3569,13573,64547,13013,17091,11705,14740,3667,511,1958,4744,1649,4280,331,1573,1649,560,862,767,464,2607,2011,570,164,4050,934,372,2148,2167,15600,1080,3750,457,2307,3059,3904,1102,1164,4390,20384,1998,4389,2084,168,656,5441,7234,4855,7038,3776,6158,4914,5306,23487
3430,8385,4661,1953,2300,10562,4605,776,9580,2889,4761,19958,4071,2041,4522,9306,2798,1474,1512,2435,665,1362,68,374,342,370,369,360,418,216,292,373,241,229,632,340,510,382,541,230,539,127,190,433,516,375,190,144,1131,750,313,255,136,253,376,409,304,449,990,363,190,148,736
3451,0,2,0,0,0,9,0,0,0,0,0,10,0,0,0,0,0,0,0,0,2,0,22,32,0,1,0,1,0,0,11,0,0,0,0,0,0,17,11,14,9,9,15,15,15,18,15,23,13,10,12,12,9,12,10,9,20,7,19,7,19,14
3456,7,17,0,1,7,11,3,218,0,4,12,13,21,9,14,5,0,0,5,2,4,0,1,6,0,4,1,1,4,2,1,0,1,8,0,2,2,16,12,10,6,7,43,40,24,16,13,16,17,13,15,8,17,15,15,12,23,21,14,10,14,13
3458,263,167,48,62,70,504,92,0,347,191,16,184,0,105,134,85,30,12,17,0,32,1,20,6,8,18,12,5,2,29,31,0,0,68,1,15,3,23,16,91,49,24,43,26,27,47,27,40,85,22,32,29,38,37,50,24,16,37,26,27,22,22
3480,6398,6186,3199,1534,48685,4090,3880,33104,2837,7857,6812,7312,2278,16330,15884,4980,21389,19417,13648,4508,6774,7828,2573,8081,2531,8070,17634,2074,1969,10475,3175,7351,7597,2696,5556,7934,6792,1535,1975,1044,838,1169,1483,2860,2839,2337,1112,1756,2837,1371,977,520,4608,1896,1274,2058,1290,3708,639,2877,2423,5419
355,8942,4378,4511,7127,7149,3201,3111,8377,5264,1078,6030,5083,2949,4257,2331,4274,4990,2952,1209,2312,3869,409,938,232,1461,2301,544,2962,770,1550,1522,316,1224,1809,1618,2448,2078,63,45,51,23,50,171,122,66,36,54,79,48,57,76,10,58,67,64,72,58,42,106,29,63,57
3552,44,5323,25,161,1001,65,24,65,0,18,154,53,0,0,1572,68,458,190,1113,182,15,24,33,56,63,74,131,103,56,142,47,54,69,48,24,7,64,63,18,14,7,50,59,38,37,20,8,46,17,93,23,9,63,211,26,46,77,40,35,27,251,236
3553,716,9404,85,825,1592,1739,1241,1483,180,349,580,870,43,39,657,2296,447,69,796,551,521,103,260,147,2821,381,357,8058,151,236,8798,220,103,1248,212,613,239,267,41,86,16,125,107,86,70,33,32,226,131,408,96,49,78,76,92,141,630,111,275,32,144,179
3558,103,3,0,7,0,0,30,21,82,2,0,48,0,66,0,10,0,0,0,0,5,1,2,0,0,0,2,1,0,1,0,0,0,1,0,11,0,14,11,13,4,7,10,11,13,19,11,21,21,18,18,2,8,7,7,6,12,16,14,7,8,9
3559,4954,2057,1720,343,2108,1028,361,2649,2957,1864,5443,1518,1178,1250,1656,813,281,163,225,102,150,41,345,155,4013,167,230,3274,30,332,197,122,103,3347,177,273,258,199,114,204,40,195,429,329,247,97,401,684,265,258,167,45,276,151,449,216,132,150,454,53,112,871
3560,4159,2678,5340,2987,3452,3249,667,5553,2707,4796,10010,2004,832,2070,2457,2404,773,1476,282,112,825,25,288,41,325,362,254,205,13,209,475,44,96,865,90,871,122,541,112,325,185,132,288,115,250,248,154,314,516,462,178,86,279,187,622,362,193,196,764,82,174,175
3561,7895,2903,665,2169,1268,3577,1341,6669,4945,2654,1903,3944,358,5096,3316,2642,770,712,310,167,535,67,667,73,1366,403,407,742,33,439,1354,154,294,2373,142,1352,217,354,216,603,189,329,668,241,822,489,220,628,526,599,370,178,344,346,547,412,235,224,919,115,244,425
3563,1757,989,180,435,797,436,352,1518,651,670,391,1117,205,1094,458,1338,277,83,99,149,363,0,0,0,0,0,0,0,0,0,0,0,0,0,0,0,0,79,106,81,48,34,134,159,119,98,89,93,58,154,195,18,66,62,59,180,193,35,148,51,62,111
3565,1,0,0,7,0,10,0,66,0,0,0,0,32,0,0,0,0,0,0,0,0,0,6,2,0,10,1,1,0,0,2,1,0,1,1,5,2,12,18,13,13,15,25,15,15,28,14,30,11,17,20,6,17,11,9,15,18,14,32,14,24,24
3569,263,1706,99,61,485,1134,1080,780,202,260,921,121,22,213,4150,551,161,112,279,61,761,4,11,29,312,29,129,3601,24,29,2042,21,2,1131,120,18,26,150,251,97,12,102,95,103,101,33,40,174,271,54,678,12,1046,356,250,166,1052,44,46,18,16,156
3574,2238,428,270,583,664,866,696,1035,756,533,123,1224,315,470,1106,469,133,630,170,113,326,6,16,22,56,207,35,78,57,68,23,4,19,76,28,118,131,49,29,45,36,25,91,21,51,56,28,48,29,62,23,3,36,43,25,59,26,60,74,27,37,50
3575,9099,3200,120,601,1818,1222,4242,11174,3093,551,592,5150,163,7369,2363,1882,909,619,164,483,579,78,237,146,4035,1194,539,4811,40,774,1682,166,340,868,161,1974,534,728,148,216,121,455,538,220,965,373,140,488,279,314,375,148,574,208,644,392,552,42,1102,279,248,1435
3579,234,74,0,2904,63,206,87,466,0,261,33,186,11,163,965,1839,125,273,81,118,29,11,12,10,140,24,11,70,4,21,630,29,35,75,21,299,45,71,61,22,26,50,77,34,67,59,46,57,23,53,22,125,47,120,65,189,123,44,152,14,130,40
3586,330,166,95,60,194,1945,420,1471,269,102,427,181,78,191,263,203,94,23,47,24,113,18,63,47,287,26,33,461,13,27,180,35,48,150,32,29,60,35,20,52,13,36,49,46,48,34,44,83,54,39,77,20,46,23,37,33,49,39,50,42,40,112
3587,10052,5266,1896,5847,2074,9868,2329,11676,9564,3111,10484,6428,1659,7727,5566,7950,1122,592,634,673,995,286,3253,282,12344,4943,2088,4148,269,2390,4754,878,1413,8627,676,4523,1257,443,272,623,195,315,918,434,739,400,413,737,657,700,497,233,556,364,677,622,256,165,1179,83,188,556
3592,489,364,82,209,239,726,57,2105,0,132,221,319,0,1082,464,395,69,191,397,14,47,3,26,79,5,6,18,19,5,23,14,7,7,40,9,31,17,63,45,74,24,22,30,54,75,53,38,114,39,30,27,22,35,57,53,43,31,141,38,35,35,52
3593,88,16,0,4,0,22,161,3,0,15,0,0,0,42,0,4,12,16,1,0,27,1,22,22,0,19,16,45,17,15,29,2,10,105,18,28,5,21,18,16,8,13,36,35,40,24,27,55,24,25,21,10,30,24,24,25,21,35,52,24,29,40
3596,14,5,0,3,8,8,0,0,0,12,0,24,0,79,43,8,0,11,3,0,0,0,2,14,1,0,0,2,4,0,8,1,0,0,0,0,0,21,19,20,17,16,16,24,28,35,27,29,32,23,18,16,38,17,21,25,25,33,36,39,57,32
3600,698,272,103,517,1670,316,82,536,254,326,1280,976,252,348,385,441,189,64,107,375,462,7,71,21,85,89,92,59,111,102,28,15,27,191,23,107,96,147,69,242,35,83,182,111,148,77,103,196,115,126,165,16,143,87,106,133,120,384,235,86,99,158
3604,3098,830,1119,1955,1046,2032,939,3168,242,477,394,590,162,392,1100,525,260,395,103,35,227,5,76,16,54,28,61,78,0,44,41,7,74,225,88,35,19,155,67,141,26,64,85,27,70,52,43,162,133,120,64,33,75,56,132,35,27,64,153,19,32,71
3605,0,0,0,0,0,20,0,0,0,10,0,0,0,0,0,251,0,0,0,8,0,0,0,16,0,0,0,27,0,6,5,0,0,4,1,3,1,7,12,6,2,10,1,21,9,12,11,22,7,11,7,4,7,15,14,7,6,19,17,12,31,17
3606,5667,3822,481,1262,3635,2321,4381,7998,2933,1286,3559,7773,861,1681,16775,2192,1549,1909,3052,1566,1932,14,164,306,189,232,208,1099,68,165,89,259,531,978,153,300,900,151,65,234,161,104,325,116,313,221,172,691,249,293,121,22,261,199,150,307,60,138,462,114,731,1141
3620,1478,5747,1236,1528,1704,817,615,1734,963,6167,1189,867,599,2011,2214,2767,157,6026,69,424,1541,16,280,42,154,101,186,282,121,201,112,12,273,549,61,254,40,715,296,820,436,133,171,62,2044,155,81,308,654,505,219,154,163,4900,1825,153,130,86,1088,53,81,47
3627,5912,16909,2169,834,13025,8914,1259,12476,1357,4122,3865,1618,85,8031,3218,3378,559,288,565,234,6584,14,745,284,600,92,573,442,91,209,60,18,105,1534,57,118,299,104,33,2537,316,354,248,111,190,69,109,422,699,276,213,785,125,308,962,120,184,371,110,34,87,241
3659,6762,7522,6032,11754,11344,5106,1417,15333,3878,8667,17490,4149,4189,4049,5516,8013,1066,2217,1167,1802,3505,394,1623,866,2184,1586,1165,2029,652,986,2123,1001,687,4186,1600,2920,983,590,302,1594,264,316,482,358,455,419,254,624,978,1001,365,238,433,570,1047,517,395,271,599,274,424,262
3662,2901,2801,247,136,378,3053,236,2227,2305,916,5443,169,229,2324,2055,1321,189,142,18,7,72,98,1221,56,116,827,552,124,12,451,528,53,71,1936,65,783,69,319,243,362,319,291,625,53,422,471,41,111,711,939,167,133,437,214,565,366,210,27,578,157,114,48
3669,8888,5206,2040,3520,9734,5581,575,4514,4450,6329,10136,1540,1620,6316,7208,3903,2015,1007,977,933,914,283,228,145,106,402,270,228,87,263,1192,525,590,650,109,553,175,605,2786,256,144,162,235,265,499,1180,125,402,854,442,197,124,392,276,766,271,252,366,445,222,312,406
3672,11744,6785,1028,2599,14923,5153,4577,45287,10020,383,7261,12777,1567,14050,13984,3977,6336,1185,2308,363,3454,5125,1525,873,892,2560,1234,4048,1461,3029,552,1045,2140,1679,2612,1878,1559,1528,1516,858,318,1204,3979,2374,1794,1535,1474,1608,4539,2608,1331,59,892,991,550,1055,3025,2503,1375,693,1089,1485
3682,780,679,441,203,1123,492,275,3800,439,533,839,873,169,544,1587,471,1591,840,475,191,623,165,517,113,310,516,449,324,80,304,188,226,171,1029,186,442,161,142,153,379,84,141,272,306,190,217,162,295,365,123,189,39,516,520,280,248,159,973,167,156,485,397
3683,7009,3084,798,6305,816,4583,1217,5071,6349,2816,2911,3817,496,4682,1534,5553,261,181,145,149,622,168,1398,186,2810,2349,799,1549,78,1301,2515,130,571,4970,337,3934,525,514,148,349,229,157,555,100,694,325,227,339,572,594,217,133,333,200,520,380,135,94,1182,64,145,256
3684,5099,2313,1018,8080,845,2647,725,3517,1638,1822,4319,7536,815,559,783,3673,399,1491,170,594,521,148,1091,134,14876,1078,640,2698,256,561,4023,413,690,2490,689,1017,628,302,107,388,67,211,930,404,338,207,535,699,177,463,320,82,159,164,122,216,106,186,432,52,79,361
3687,3223,2702,1573,19352,1280,3514,602,5197,1216,4159,5649,4941,1442,1306,1517,8789,283,209,492,1299,688,324,4435,355,11238,4986,1803,5331,457,2225,47255,1627,2696,6401,1675,3218,1543,857,543,1090,307,796,1342,925,1633,855,680,1356,1053,1687,1118,357,727,814,773,683,753,554,1389,275,427,1207
3688,25061,22931,5327,7242,32720,17790,18056,296275,36119,8055,36581,63737,3233,41629,122651,14325,19522,22515,14271,5238,16030,7541,7569,13607,15728,4137,8373,16374,5144,6245,13854,6940,8547,10761,12221,8459,16603,8894,9553,8976,1276,9540,16459,25347,16233,6280,10917,16871,10200,4050,7495,2138,8367,22884,4984,6988,10890,12818,3947,3108,12192,12403
3689,10291,4246,4224,16663,2637,7426,1922,10092,6112,7393,30896,15848,3642,4931,4711,7556,580,480,1463,775,1667,485,6422,745,56740,3420,3344,10007,471,1768,11383,1174,3363,14447,4417,7116,1940,1099,410,974,286,773,2090,673,739,689,965,1641,939,1202,866,274,780,563,843,590,317,340,1660,141,249,1452
3702,5170,1490,175,982,411,1990,772,2142,2288,687,437,1346,96,3359,1250,1165,202,38,68,22,227,46,310,97,631,844,287,667,16,648,2249,30,146,1522,103,1394,319,208,38,132,80,56,161,38,196,118,49,85,178,132,71,56,116,136,415,115,32,40,541,21,54,103
3820,2049,481,115,924,189,1050,1862,10257,1616,156,220,1353,0,3707,1630,1036,370,71,82,23,246,62,47,27,99,136,35,145,89,105,419,198,34,174,20,261,25,157,68,35,58,42,80,26,152,91,19,55,159,62,100,30,78,64,213,81,36,36,408,11,82,55
3824,237,689,77,1389,221,921,220,2041,482,536,80,296,17,912,2066,712,52,36,45,10,96,7,62,18,51,44,56,46,9,26,377,5,11,170,12,47,21,32,34,70,22,17,75,149,46,62,22,64,79,34,30,37,41,56,42,43,24,24,48,22,28,41
383,12,4,0,107,7,9,0,0,0,2,0,0,0,0,0,183,3,4,0,17,0,48,47,5,23,74,56,21,77,164,1359,47,47,30,14,68,616,8,10,8,7,2,20,14,28,12,12,1355,15,8,16,17,35,10,15,20,14,33,19,87,18,143
3902,808,1302,1378,475,2077,3702,349,2429,196,2001,3114,659,368,723,520,1154,179,96,92,134,251,106,126,62,144,186,117,83,48,83,124,75,50,664,31,268,131,108,54,357,75,56,161,43,87,97,52,183,296,102,65,200,114,102,488,93,112,105,94,100,157,116
3916,2192,3028,534,1439,4379,2454,1007,15761,1941,7885,6504,5494,515,4413,8636,1662,2288,6176,2714,1817,2490,3015,3076,4647,6579,1502,2521,3525,1236,2588,897,2963,4155,3868,3159,4353,2744,6043,3401,3851,1068,2380,4317,5416,4948,5776,3344,6231,7795,1459,3118,780,5018,5895,2231,3320,2302,9152,2766,2026,10433,7978
3932,71,36,0,11,15,0,0,0,0,22,3228,0,0,0,0,37,11,19,270,19,0,37,164,68,308,400,145,181,26,265,285,19,106,678,88,713,129,304,76,205,102,107,238,51,170,185,71,132,663,294,110,67,125,91,359,167,49,84,795,27,123,115
3934,5088,8542,37,68255,4158,26,3322,36400,221,6168,14347,4270,2008,3563,153693,93749,6832,1944,52660,119767,3182,7,142,146,558,1310,3265,3416,337,344,922,3,4864,1,291,15075,247,841,48407,72,1872,229,779,494,943,5069,1244,15421,108,2496,272,25,170,1539,3282,3885,483,44,234,915,41132,1790
4035,2153,8827,2406,4484,19622,1913,1664,9976,9258,5530,33863,13128,3803,2146,4553,5961,3306,8229,1626,4081,8712,8954,38794,9045,110872,41640,21273,42295,13548,29575,13806,9516,29036,43884,41359,33868,21244,2355,4161,2431,699,1823,9849,6462,1997,2463,2829,4514,2451,2720,4565,193,2910,2510,1443,3525,2235,1595,1366,4855,1855,3535
4063,303,122,22,33,10,135,99,118,276,30,39,181,0,494,220,51,44,14,0,3,37,25,115,105,90,288,66,59,0,164,183,11,31,345,16,327,33,109,59,84,90,59,154,43,243,127,31,67,178,156,66,36,100,75,259,87,61,29,432,30,43,68
4068,710,445,19,46,72,690,317,910,1478,68,95,282,4,959,324,178,65,50,14,0,108,9,42,46,70,93,52,57,11,94,156,3,15,232,15,208,16,66,27,62,153,32,68,20,70,54,29,42,116,74,38,31,48,51,147,50,7,29,145,14,33,28
4100,0,0,0,0,106,0,0,5176,0,20,0,0,0,0,0,14,0,70,0,49,0,380,0,22,0,0,147,3,0,37,8,49,2,4,0,0,0,12,10,241,4,12,12,9,12,13,8,14,422,13,6,6,64,12,13,10,16,13,14,18,29,119
4102,0,0,0,0,2,0,2,3043,0,0,0,0,0,0,0,0,0,1727,0,620,0,1651,1762,25,0,0,61,14,0,1272,4,1444,1,771,1079,7,0,7,6,1971,9,12,25,15,1929,23,25,23,4704,13,7,155,46,254,751,499,20,21,13,103,6407,47
4103,0,0,0,0,21,0,0,0,0,0,0,0,0,0,0,60,0,158,0,917,0,104,1113,23,0,0,3,26,0,6,19,1139,1477,934,0,0,1,16,9,13,7,12,18,11,16,12,5,31,354,13,6,13,310,324,480,14,155,11,27,125,876,35
4282,10304,14563,12830,6525,61865,9777,1807,112073,8738,14342,85813,13827,6243,5945,60011,3952,36335,20338,14061,14904,14229,1191,3814,646,1127,242,1509,1241,605,1304,347,1535,1477,680,1511,742,627,5904,8564,3606,515,2318,3755,5010,6040,5338,4615,10715,9813,6636,3074,433,20155,11766,3428,2196,5033,26250,2337,15009,23001,14455
4283,8013,6887,2559,433,3333,6886,998,8153,5103,6450,1905,2911,46,4569,3189,10867,1232,244,276,170,2832,61,1878,90,310,140,842,621,23,352,74,13,132,5380,197,296,231,285,103,5182,3381,1150,802,196,842,385,703,540,4506,1059,873,712,881,881,6040,420,449,387,903,58,235,268
4360,40756,4467,6595,18738,4512,7636,7733,24335,12207,3806,11685,19607,4001,4003,3197,2004,958,389,2647,630,1051,9,4,16,1135,168,22,1965,2,17,56,111,115,32,428,289,21,855,205,744,120,628,4084,2068,780,1353,2721,4164,388,1625,1341,117,369,197,222,948,370,345,894,87,199,2659
4599,34031,17058,1246,11690,35170,13253,6468,12091,7306,20446,27984,6415,10174,24405,7837,6031,2293,1888,2406,1204,4505,276,1480,23764,1320,1200,1633,1241,1572,3154,2406,689,6915,2227,580,2269,2407,7379,1266,2910,509,1991,1701,4788,983,396,760,11594,2761,1615,634,1483,1539,1821,5056,1234,4150,3824,6011,5364,1456,10797
4684,259,187,75,764,598,4764,15,90360,477,234,132,560,305,70,2868,358,11,2581,784,37,75,16,421,66,84,216,13,65,1163,39,737,2584,44,44,52,125,51,54,43,35,32,56,123,56,43,896,32,58,36,42,635,18,85,37,31,105,56,2336,46,41,35,399
4772,599,191,138,263,1107,280,102,1012,562,376,224,554,158,825,301,300,395,611,205,200,392,54,220,147,512,671,182,300,178,381,693,67,246,498,445,820,337,201,176,226,82,117,305,164,438,147,135,214,157,165,295,17,493,206,293,292,214,124,218,334,272,264
4792,12259,7395,13272,13935,22536,9641,9204,54878,10743,8456,24816,12399,31090,19365,30450,8604,11694,13230,10959,11411,5236,2130,3187,3010,5803,3552,4958,35123,1708,4774,15925,1695,4185,7368,3777,6401,3289,3544,4970,1968,689,3335,2296,5764,5235,2748,2260,3102,3190,2544,3106,399,6837,4643,5075,2729,2469,2308,3059,3260,5566,8243
4843,0,0,0,0,0,0,0,0,0,4,0,0,37,0,0,1102,16,1583,0,41,0,9,45,61,27,133,19,17,5,19,34,83,12994,7,15,183,9,21,29,20,154,17,41,127,64,27,28,42,41,30,18,9,40,36,957,269,101,555,27,137,38,628
4907,2862,2558,543,2896,3562,723,736,2027,1510,165,17221,2665,277,2203,857,469,148,1116,705,138,530,149,1163,201,2036,485,348,242,919,1011,555,169,650,434,5134,866,4642,1667,428,346,89,564,662,815,414,217,2323,1889,240,440,437,20,512,331,118,432,263,176,649,145,218,683
4940,21388,7808,3865,5198,14938,7681,1318,13164,2430,9244,39254,5188,12278,11331,10005,4784,1235,2536,2647,1069,2632,1076,810,2346,1188,1234,2556,605,1971,1753,1347,1341,3833,1611,2247,1141,2664,1799,422,601,158,457,637,1567,402,501,457,7034,2834,649,322,302,645,936,3471,539,1303,1129,2159,723,827,2755
50616,0,0,0,0,0,0,0,0,0,0,0,0,0,0,0,0,0,0,0,0,0,0,3,4,0,4,0,3,0,0,10,0,0,8,1,2,1,11,18,9,9,6,25,26,21,23,12,22,21,23,22,5,17,17,15,10,17,24,9,18,20,21
50943,2988,842,118,106,1117,340,79,1473,601,295,1534,743,164,634,653,432,114,108,28,23,260,22,228,49,109,111,103,53,40,219,49,90,71,271,71,251,146,119,43,68,19,54,140,58,88,49,71,135,109,102,66,16,117,51,131,80,47,87,320,42,66,67
51284,790,432,18,134,172,972,295,4438,380,93,185,1472,14,494,410,316,17,22,170,18,184,26,268,28,380,186,97,145,15,151,25,96,152,789,43,252,51,63,45,85,20,43,154,83,59,54,49,187,84,34,90,18,41,34,59,62,36,44,157,21,48,91
51311,594,260,50,454,48,367,85,615,0,161,45,469,10,361,181,508,22,16,17,45,65,10,179,20,1018,128,108,539,18,34,131,60,79,924,30,185,39,54,41,126,50,57,240,62,55,82,193,147,105,140,109,52,66,58,58,92,57,31,103,19,36,131
5133,801,377,1168,275,295,1120,116,261,396,736,1016,234,324,591,219,334,53,40,73,24,36,8,63,87,77,79,48,53,6,55,187,2,19,376,33,158,108,33,15,72,12,22,33,18,51,27,42,51,79,71,42,19,51,37,105,39,24,36,80,11,36,53
51348,136,29,0,606,1,43,86,412,0,41,15,57,0,137,151,288,4,0,4,6,10,0,8,19,13,21,4,12,34,37,105,0,1,23,0,29,44,27,11,39,9,12,33,47,433,30,22,30,45,42,23,15,23,252,16,41,27,21,88,19,44,33
51438,0,0,0,0,57,38,49,310,0,0,16,38,0,0,0,0,0,514,0,0,0,81,3,8,0,1,83,0,0,0,1,0,0,0,0,1,0,23,18,31,12,10,30,30,232,32,20,41,261,23,24,15,22,13,20,17,23,22,32,24,27,825
51561,27,37,18,3,54,3,2,35,0,95,256,30,0,0,9,23,23,43,10,30,13,258,4,9,11,18,6,1,3,34,8,216,17,22,6,28,38,112,37,20,12,28,37,48,29,30,114,290,208,27,22,8,81,42,71,29,26,172,61,37,178,70
51744,500,415,161,1164,94,1569,96,1142,791,365,183,616,19,551,542,875,57,9,148,65,91,11,122,37,191,103,40,159,9,35,157,70,22,358,35,224,15,43,27,28,27,16,93,23,33,44,44,68,30,33,28,20,44,27,46,43,21,16,60,17,31,44
5293,5065,2086,1063,6369,2437,2903,353,3765,3117,2778,15602,2162,1590,1071,1101,3445,751,1669,742,1564,586,235,1382,310,3220,2133,871,1363,352,1429,3424,371,741,3600,1736,3086,1521,347,235,247,178,170,600,204,381,305,324,762,317,434,237,160,255,306,261,414,204,138,874,83,199,291
54106,642,393,26,284,185,397,56,624,682,360,676,88,123,419,128,261,26,69,2,33,85,7,29,41,25,64,24,21,22,32,42,20,7,100,3,67,18,39,67,24,12,21,61,37,53,28,40,58,51,48,28,14,31,38,38,20,51,20,112,48,38,26
5430,636,2694,1019,13888,7952,468,197,2016,668,8640,4409,4098,9968,672,614,5219,515,4013,2719,22121,1761,30409,17887,11561,13317,9469,12567,15573,7238,13712,7516,16859,13175,20993,14391,28624,10254,1341,2203,1871,961,1207,2296,3744,3554,2608,3071,2545,4833,1169,1799,319,5879,3940,1207,2623,2355,3526,1417,3028,7368,3592
5450,5143,3927,207,86,898,5904,439,3723,15173,1150,7377,113,332,2948,3971,1459,2279,380,35,80,26,63,420,551,16,616,250,89,3,385,300,47,78,1364,21,688,4,59,31,40,41,33,76,14,109,70,13,47,103,31,18,19,140,154,103,70,28,4,131,18,24,17
5551,519,723,1276,9067,778,1773,61,677,614,3310,1725,582,317,605,548,2610,147,59,75,68,102,48,355,149,477,288,273,321,36,118,3255,42,151,1140,107,813,121,315,72,381,271,107,526,115,224,327,131,121,292,143,125,282,234,282,553,279,449,139,242,44,128,209
558,1072,513,529,170,2198,1204,339,4886,663,133,6715,976,231,777,1148,285,529,322,556,76,489,195,1809,212,2211,1542,740,799,557,820,1124,362,1405,1910,4491,1785,3808,757,766,616,259,600,2057,2011,762,396,885,2514,588,677,1108,61,397,589,444,541,990,342,1125,307,364,755
5594,7939,4358,8179,3571,14759,4573,5966,65732,1702,5455,11040,13174,5067,7756,15345,4352,11013,13651,6075,4006,4215,1772,5915,942,1290,936,1030,1511,847,1720,1364,1145,1948,1134,1283,1896,1120,793,1627,834,353,718,1094,2507,767,734,667,1259,1189,1027,699,218,1729,1665,528,987,723,2902,605,902,2341,1990
5698,9521,6500,7993,7308,17377,13332,2117,24902,6585,10639,15775,7972,3372,5082,5883,5576,1369,1210,1045,1100,4719,65,417,710,698,610,325,854,303,359,505,157,174,1017,505,804,451,1951,432,3674,457,637,1259,967,1130,565,367,4065,7372,1061,716,544,908,987,1995,1118,739,1422,1481,397,1403,1055
5743,375,1718,22,399,223,1185,3278,2008,185,236,1392,1522,531,90,49214,825,3190,3949,4634,511,710,210,30,435,817,381,171,4673,683,528,8419,45,316,145,3155,696,87,469,452,136,28,1333,411,4074,629,326,21,77,179,440,1273,18,446,1217,147,226,367,38,98,83,81,307
57823,4621,4242,1283,839,430,11174,1395,6321,7051,2401,2784,1717,129,7289,5066,3009,804,310,404,200,729,82,1104,195,481,482,512,1528,10,382,537,94,124,4333,198,1034,42,115,65,271,180,83,217,22,91,190,33,595,359,304,75,83,189,127,475,145,60,30,196,54,72,197
5788,5174,1836,169,8284,152,1886,347,1992,4341,1530,805,760,0,3098,600,4316,106,81,151,33,197,1141,7396,1441,28814,9456,4968,20075,779,8568,41096,1789,3469,29006,2568,18601,3928,775,490,1368,694,718,1685,629,762,826,611,1689,1142,1263,909,546,765,650,1170,997,412,381,1774,96,301,1266
5817,7267,2798,17738,5900,10744,2289,2472,49501,2069,9400,46632,5694,15409,7640,7592,3630,3542,4770,3216,3885,2264,499,210,138,284,442,468,164,368,347,156,605,256,630,793,241,308,553,816,651,110,574,480,969,993,938,1293,1852,767,1068,553,74,1058,1047,320,458,559,973,538,1079,1055,1986
59067,32,39,0,2,0,56,0,0,0,28,9,0,0,21,23,12,2,0,0,1,0,0,2,3,2,2,2,1,0,2,2,0,0,22,1,6,0,17,14,22,11,15,21,22,33,23,15,14,30,21,24,13,23,17,34,9,18,21,27,6,13,21
596,1876,686,330,608,4711,644,495,2504,1145,309,1000,682,296,594,773,752,792,4207,121,156,349,87,92,47,77,295,66,81,91,128,130,289,83,102,30,209,118,338,208,154,213,86,317,191,458,344,137,180,435,372,345,16,859,240,664,451,536,466,691,496,222,376
604,7288,6708,5149,23468,11912,4827,3612,25024,4746,4161,5813,9362,5583,8047,7950,13928,36048,11607,4434,8704,3845,2332,1587,1274,2209,3910,2705,3945,2334,2658,4891,1064,1800,3217,1156,4923,1336,412,791,678,518,416,747,933,1367,1007,476,1012,541,704,1016,58,1362,1725,751,1255,473,1392,515,1505,928,1888
608,600,591,0,3,2,729,189,867,1817,118,101,18,10,1240,829,234,193,24,2,0,2,12,45,6,11,114,45,7,11,59,12,41,15,161,3,53,20,115,109,82,106,87,192,43,161,246,17,87,156,284,28,48,88,114,195,134,37,35,106,201,46,31
6097,2880,260,210,4184,20,318,612,29059,1138,313,3648,3965,3140,26677,4023,199,127,74,28,490,126,4,6,85,19,246,588,130,272,12,13,14,3,845,213,270,43,270,504,741,81,126,82,57,365,1975,1017,678,90,328,213,6,52,25,35,147,19,26,78,34,40,28
6194,123240,47240,86367,24187,107974,55554,32001,390101,110863,44240,60110,79573,90447,158547,191873,33980,71981,36649,160958,133439,45318,12774,20578,30669,5077,6686,17276,28442,5445,7112,13121,30721,5265,8172,20027,17532,8999,20394,24874,24095,9524,9860,29461,32076,19890,39537,93108,23896,37989,30857,19951,4130,37245,45995,20701,23825,41738,71213,25712,15009,74099,22883
6279,3306,9345,214,15923,12008,2567,616,3613,1531,74656,1082,2181,213,810,2408,22532,2671,66941,57793,117550,31368,28,105,40,513,23,12214,1802,31,578,4843,54,7370,343,26,442,2011,484,185,641,88,410,728,118,12560,373,996,491,278,986,673,609,1725,1013,19003,3397,598,56,371,2168,164141,14453
634,2092,278,481,1572,389,126,1295,4743,0,444,559,1700,1002,1101,6026,317,262,292,583,337,193,110,97,278,179,961,140,622,1583,612,882,2104,2285,359,544,850,143,339,216,78,41,136,118,231,295,420,375,261,50,363,59,6,55,279,657,106,29,24,862,102,906,107
6347,1001,2715,1013,5091,2166,1225,277,797,231,1204,2700,2346,3329,202,528,6567,26,749,307,1746,1091,149,408,243,3563,610,434,3421,350,461,3555,246,198,792,341,1482,608,3452,724,2211,388,1341,2180,1930,459,713,866,4651,3402,1645,2579,1065,836,920,1525,2888,2386,2539,1401,246,581,1700
6348,762,2121,2133,2042,1951,12639,1692,4524,193,2932,3765,4863,568,1544,1977,1117,151,142,451,1175,1551,96,966,120,8171,325,472,2605,216,719,2739,146,439,2119,305,564,609,255,92,271,40,152,249,185,263,156,137,243,508,534,389,104,214,185,129,73,481,262,204,97,130,1316
6351,1872,3630,2764,2224,2997,10912,3332,6139,1865,6861,5228,3902,422,2647,3877,3042,297,409,551,788,1806,71,476,80,2369,177,351,2129,77,259,2876,38,198,2603,158,826,201,234,92,521,75,218,419,166,454,151,141,266,594,314,380,163,288,417,295,134,259,258,232,79,122,1315
6352,3903,4755,5982,15717,2536,15132,1371,7231,6522,18733,3339,5573,917,5512,4694,13480,601,248,979,583,1086,49,741,71,1249,175,408,474,33,182,11996,48,353,2648,124,2206,83,1052,155,1081,406,289,604,76,471,622,211,173,1193,580,297,303,521,533,1492,489,210,217,537,93,200,397
6361,10209,1140,14,144,36,92,381,372,0,62,543,1574,27,277,29,100,128,75,494,50,23,1,4,9,10,7,4,14,0,36,3,2,11,8,12,18,12,283,20,16,38,29,200,29,80,72,65,47,40,196,50,7,86,57,34,51,32,17,851,44,33,44
6362,9317,17166,2186,3495,4303,1147,872,23987,1342,7841,18476,5626,2330,3882,3490,2745,368,52,398,676,230,85,1003,133,5661,91,195,23907,30,386,108,823,344,1669,135,45,839,1392,229,866,114,1923,1214,1035,1357,1893,1258,990,489,1532,5604,46,1265,796,805,1994,587,733,585,158,296,4389
6364,12620,546,37,3346,595,114,275,2951,745,105,316,710,76,1054,32177,765,5669,9425,1079,119,51,10,9,23,49,54,1028,2433,11,24,304,9,280,17,4,97,383,572,3822,105,13,7522,512,98,362,305,99,82,417,741,127,17,256,171,2106,74,96,44,220,75,917,587
6366,54045,3671,156,28,2553,84,679,5349,6943,317,79184,1856,416,2339,1155,932,509,332,4,4,1617,83,103,26,2,286,78,386,11,288,15,52,65,34,115,2230,372,344,205,166,122,190,635,41,1162,991,185,408,2236,200,342,6,476,245,267,3011,368,772,5045,293,52,18
6367,10871,2352,117,475,698,224,76,357,517,296,2900,897,1049,557,538,197,101,75,332,139,101,5,24,11,72,23,8,52,5,111,36,3,67,20,97,187,47,221,16,15,13,96,431,84,104,49,44,71,64,791,115,19,46,63,60,37,39,19,640,32,19,90
6373,331,8747,495,188,3959,1571,61,375,489,1905,808,475,34,1230,146,3724,25,132,39,91,572,5,84,32,33,11,121,28,9,39,12,0,12,125,11,20,27,57,38,1239,282,134,144,90,189,76,65,147,276,527,80,328,54,112,785,131,158,75,90,34,53,71
6376,1807,1343,1261,5025,3414,549,679,1856,1182,0,6788,1618,1284,1261,755,886,1281,657,1923,1321,256,25,293,103,40,272,33,83,113,27,49,10,440,120,486,998,36,1358,431,185,555,1585,773,3092,292,305,275,720,218,1625,640,5,908,2761,1239,1699,442,1343,1437,461,819,1007
6389,6275,6975,6592,9980,11834,6271,6948,65769,7932,79960,7150,9650,3215,14612,13332,3421,7411,6621,8358,2855,2735,11366,7067,3932,3832,4168,7765,4492,6894,5800,3734,6715,6477,8286,28510,7799,3948,799,740,617,269,547,736,1283,1253,805,900,1712,1642,616,698,125,1150,1435,733,742,1070,3083,716,792,2952,1747
6402,1143,339,87,3326,50,186,60,298,768,570,193,109,99,257,193,857,34,4,29,416,57,46,135,142,273,242,145,555,37,379,3605,55,61,558,79,1074,48,182,53,95,49,120,196,66,209,87,57,171,96,39,93,150,109,124,329,238,97,37,1107,27,60,111
64135,2647,2833,72,889,1573,1195,607,8357,563,250,383,1150,84,1757,2209,464,519,542,213,17,556,371,814,3213,1223,1031,980,1325,923,780,1031,928,1594,2305,857,1322,1505,592,143,213,127,300,383,435,365,170,216,816,580,328,165,239,210,271,511,293,368,471,747,203,189,781
643,2499,264,22,24,16,189,0,527,1409,120,266,24,0,210,81,226,18,19,21,6,6,0,1,3,0,28,5,5,1,9,1,0,2,18,1,29,3,21,12,16,4,16,44,24,49,15,12,26,34,19,13,5,26,15,31,18,14,29,123,22,10,34
6772,32732,35854,14677,8978,53353,37844,9851,87446,14015,22684,42233,17535,6174,34506,37583,9045,8805,8197,5187,3625,18040,8919,21514,49957,17416,13811,16989,18731,9835,12697,9739,4034,13757,43634,12959,16672,19547,2302,447,5616,572,1902,1649,2464,1592,645,1179,6474,7247,552,996,774,4318,2676,2986,1347,1377,2258,1922,689,1316,5642
6774,18181,9926,9231,8367,22290,18183,10404,137427,28805,10907,20303,29050,13818,28716,31770,10987,16071,14646,16245,6265,8028,6766,9323,9095,12885,12537,19007,26690,10897,16641,20677,16240,15034,18512,15978,21732,11464,6269,5521,3688,1732,2817,5838,6543,13183,7840,3204,6362,5439,2969,4949,529,5616,6940,8664,6492,3508,6245,3486,2986,5513,6603
6775,2827,630,196,1893,367,582,537,1501,389,917,406,925,198,494,1994,840,56,141,92,141,125,41,223,116,677,571,198,635,180,317,1983,59,140,581,334,742,143,201,95,119,79,179,207,151,293,138,80,171,193,221,112,57,126,210,196,150,85,75,408,42,81,205
6778,11697,6056,3254,9089,13817,3429,8668,37320,6277,5702,11617,6282,5597,8642,13981,6499,9474,8733,3853,2868,4252,412,3201,2161,5660,6480,4131,3998,2411,5112,5148,6869,6875,4634,4292,8050,3779,3340,4738,2567,1687,1587,3713,5346,5968,4933,4559,9590,2058,4845,2846,426,5582,4030,3515,4656,2818,5398,4209,10096,8476,3067
684,86184,24061,36593,59995,119778,58910,24966,106349,56553,113270,141127,34568,47168,54144,68119,16166,3559,2359,6852,11711,16503,58,528,1563,665,407,630,716,686,551,325,1922,232,860,1576,1060,633,3127,1074,2321,294,417,996,1832,578,529,847,4344,1747,664,780,96,439,1898,609,520,1788,435,2678,573,2338,1159
6890,18972,14786,22875,11023,37119,21003,3326,70411,5070,34306,37989,12508,9767,17806,11958,9686,3221,4770,5072,4119,11615,1210,4678,4550,4666,6263,4784,3892,3539,4768,4065,1015,4613,10679,3171,5921,7369,1432,375,2233,312,629,766,887,1033,503,402,1672,6477,601,542,392,708,732,2113,648,708,1124,910,285,905,1165
6908,1289,937,263,479,2192,827,429,12829,720,711,613,1318,231,816,1061,1007,1564,1495,1110,479,400,1242,905,653,605,988,542,730,562,1223,327,915,758,799,458,1119,664,371,695,310,139,252,405,647,612,252,332,482,557,292,224,89,830,594,270,431,363,795,231,494,397,747
6932,927,610,56,153,478,264,163,458,550,250,1396,710,107,627,92,393,83,225,43,103,305,737,147,94,151,602,229,107,273,458,245,159,132,572,213,893,248,351,137,66,39,76,205,46,301,315,74,197,1091,100,111,35,131,78,222,181,40,38,1016,80,190,201
7037,12742,16187,3394,6371,93451,8771,6736,85528,8208,33396,6391,16631,7487,12632,120908,28574,81060,52681,6717,30310,7766,27061,24273,13071,2733,1683,14471,14929,1709,24573,15552,14762,5054,3236,1875,1781,3160,924,1967,2572,273,914,1112,1152,2604,1410,1053,2152,3358,1299,1230,463,30323,11648,8009,1352,12263,43680,836,4172,23321,8691
7040,21874,10667,10318,8066,42059,12211,5438,50968,6488,6804,43520,10506,4025,8805,13303,7945,11244,13835,5250,9499,8675,575,1354,649,3460,1304,1179,1525,300,1317,7847,377,1649,2627,2882,2757,1968,1089,1133,1165,324,1037,2089,2139,1884,967,2131,2002,1927,2055,1539,348,4209,3509,1127,1529,2079,1141,1435,1648,2245,3174
7098,709,193,32,167,306,186,1435,2437,348,63,31,701,18,867,1461,62,116,163,401,15,637,38,188,262,129,322,338,474,322,238,75,217,211,377,111,468,256,111,45,290,63,61,166,123,61,131,36,301,114,109,96,71,39,134,97,131,64,328,232,59,49,98
712,21197,10566,12979,14226,10023,44112,4064,29294,20515,21873,68425,17983,6559,9112,11539,7014,1289,1030,4721,1117,1995,523,3537,245,34209,1681,1811,6847,362,1010,1519,1153,1830,15742,1225,1580,1557,1114,487,1366,374,614,2230,1011,516,909,2141,4308,1738,3025,1126,107,946,639,1481,1106,746,402,1608,196,344,2926
7124,2230,195,644,672,383,577,29,1131,138,800,1481,262,663,398,160,249,73,29,47,47,106,7,37,11,87,67,29,16,9,42,36,7,14,146,17,77,41,101,45,162,55,144,214,96,55,94,46,174,73,66,85,45,45,25,75,96,67,73,418,19,56,67
713,39244,16947,154432,124622,20113,103545,9659,83493,13300,118276,166409,50139,95478,21605,29592,19704,3623,1538,22293,12037,4346,645,4364,704,26264,1426,1404,9457,169,842,1218,1421,2034,16980,1013,1343,1287,2646,1488,4777,1251,1935,6903,3025,1848,2476,6371,14050,4792,5144,3544,373,2983,1967,4292,2908,2385,1448,4012,456,978,9894
7292,353,196,102,174,394,196,208,2445,0,72,63,576,55,130,733,82,21,24,66,24,182,35,38,19,236,35,15,14,17,97,119,17,51,52,32,10,16,101,106,235,29,59,581,314,154,58,80,191,212,237,212,20,211,176,148,68,93,307,112,62,94,134
7293,2212,565,2523,1201,936,374,87,1485,194,700,3564,832,1851,744,377,517,71,96,32,69,166,6,40,59,26,49,35,9,13,29,55,33,18,46,17,52,26,151,117,89,13,149,191,205,159,92,196,104,82,221,95,16,118,67,104,45,31,48,243,48,29,60
7412,7819,2326,775,81,5621,2100,1018,13745,4556,363,2806,12278,127,3206,3539,3562,550,702,393,49,3076,113,697,123,1241,593,427,647,203,395,1241,228,361,2763,173,926,358,667,281,752,80,405,1422,975,881,150,151,436,701,475,717,26,434,709,443,522,700,463,471,79,196,211
7422,36763,21274,17819,106124,27302,6704,9538,115569,12661,4124,20672,77301,12340,63189,53819,9213,57733,12465,10981,6853,3598,15484,5798,2798,7023,6190,8463,10684,12164,9040,21377,1543,6592,1830,20281,3753,4228,3618,6255,1915,218,4542,1841,8347,10264,7192,4998,2611,3318,4669,1619,327,3238,11196,1256,983,1445,4803,552,4547,4849,6884
7535,2944,1331,167,2553,497,1286,290,1011,915,862,3285,740,103,745,414,2080,65,112,41,51,279,48,191,138,424,728,220,163,22,376,915,23,81,954,37,1070,184,317,115,169,173,85,293,62,427,209,81,110,299,410,140,69,223,96,305,246,77,61,813,38,107,83
7852,12462,7609,1980,3362,2811,8123,7362,29176,7318,2269,6545,10713,732,11019,13990,6218,2144,1394,1104,2513,2282,1524,2128,392,5195,998,1647,3176,1043,1069,10208,349,882,5897,565,2581,206,1845,1923,1689,421,1308,2306,1976,6228,830,1046,1007,1844,907,2469,425,5259,4312,5199,662,1062,806,2639,382,494,2017
80380,1705,1440,749,782,1039,1712,371,2861,528,1138,3651,1502,29,1183,1003,715,1107,58,54,89,316,19,211,46,950,179,140,147,18,133,27,59,74,554,63,192,201,85,57,217,56,106,257,119,88,55,147,177,105,83,106,55,103,78,145,105,119,128,125,26,83,132
80381,1346,1949,916,1297,7461,635,141,5229,657,2009,22007,1690,1354,1188,885,934,881,1722,623,1162,724,1310,911,843,1375,813,1208,865,504,1351,526,326,2004,1057,1949,823,1901,2000,1421,1548,228,1701,2871,4783,3060,2034,2215,2810,2462,1815,2021,312,3780,3169,2011,1125,2768,2781,827,1964,2272,3571
8320,1052,484,938,1300,141,1836,93,528,296,715,139,735,0,785,119,1149,127,83,85,36,114,25,95,96,164,115,62,63,6,64,224,167,43,420,7,348,29,14,17,14,7,9,27,15,31,17,17,19,23,25,16,4,42,16,30,13,10,27,28,13,19,42
8374,20210,5698,510,4541,15063,8463,4116,10630,2627,2622,5669,4461,1431,22136,1615,2815,184,368,829,151,1003,57,165,349,172,286,186,131,403,521,686,58,1488,236,88,334,633,1192,101,256,79,334,317,1200,190,121,172,3263,262,154,165,247,50,380,419,264,596,165,837,254,114,803
8375,14015,5728,304,4883,9459,6598,3662,9958,1930,2529,1523,3428,548,13769,3316,3883,435,576,1188,301,708,46,245,170,522,293,190,220,212,315,689,123,555,614,148,451,384,380,123,103,85,146,300,975,197,213,266,1744,195,147,91,110,72,115,165,247,322,172,274,142,117,510
84868,2004,1878,542,840,738,2879,1031,7600,1181,831,1420,2388,287,1035,3216,744,401,166,322,102,633,38,417,97,1638,251,231,891,52,152,1392,115,282,1192,155,197,193,198,119,451,49,156,526,349,155,145,238,613,326,139,326,117,144,154,256,130,125,229,333,39,69,648
8519,59512,36085,35486,33852,79021,43947,9483,52854,37736,98621,124438,40307,55960,49727,39911,34746,7448,21267,28877,8602,12046,59,601,425,554,601,870,418,1061,506,1054,455,676,1431,360,2088,1225,4842,3357,6563,987,4491,5664,5048,765,1489,1877,3302,1579,3937,3977,697,1072,7498,5324,6591,5821,2366,4261,1865,1987,11156
8740,384,180,3,11,16,24,6,687,833,11,55,70,59,56,75,690,42,12,66,31,86,0,16,5,18,85,32,26,6,9,46,3,4,21,8,32,14,158,110,92,36,42,465,34,109,166,118,442,59,355,187,14,98,64,107,235,72,42,172,41,45,56
8743,6482,38341,742,6420,26510,3901,2598,11086,10036,43174,20872,14818,4272,7997,5324,8628,10107,90861,6366,5762,12943,329,3111,3138,594,645,473,2406,477,2345,167,142,2120,1429,781,2356,964,2715,906,3251,902,507,1591,1210,3934,1112,651,3423,963,1011,1059,377,5733,1924,2261,2716,1051,54007,1384,1279,2725,1562
8764,5394,2879,2202,4991,4758,3171,2345,25081,4099,4015,7056,6133,2958,3019,4865,3439,1433,2388,1503,726,1769,110,587,105,1498,1556,417,530,420,535,577,510,499,1416,932,1556,671,748,604,907,436,479,779,570,1284,929,636,1247,793,937,649,123,663,587,686,952,486,561,1092,195,499,371
8784,2049,982,507,1337,1404,382,104,1209,189,2563,3742,996,561,318,360,1101,1524,2809,138,353,444,13,44,79,28,85,23,21,64,171,83,22,243,50,165,133,57,124,60,386,39,115,173,98,206,65,305,350,257,460,138,25,572,149,436,166,64,172,262,239,729,632
8829,29618,9550,4934,19574,12015,9275,6190,50574,8967,1231,20491,28786,11356,11136,14610,6262,3571,3137,2578,843,6516,889,2913,837,8093,3144,1302,3520,2933,1627,791,951,1234,3775,4699,4242,3339,3187,3360,2975,805,3401,4348,5894,5381,2107,5739,5157,1393,4652,3188,143,1550,4020,827,3983,3675,992,6883,705,1187,2594
8995,964,150,47,7,95,265,60,1572,0,10,37,151,7,346,261,25,18,111,53,116,39,1,3,12,6,5,3,2,2,24,3,2,11,8,0,2,5,17,14,23,1,10,54,24,15,20,11,33,44,18,30,6,97,34,76,34,10,32,46,10,38,116
911,3355,141,65,249,29,221,1078,3761,1405,62,101,2702,552,859,2508,262,132,45,191,10,164,4,26,29,134,195,20,51,15,98,50,18,12,4,255,209,27,80,28,23,9,37,213,43,68,234,54,93,38,52,86,16,40,32,21,63,32,37,382,22,21,38
912,260,284,41,220,28,351,33,436,243,87,391,161,1,20,305,181,25,14,28,14,46,8,35,30,79,104,35,70,61,17,40,14,12,44,31,91,4,40,43,28,11,19,92,57,58,91,84,77,68,32,50,34,79,35,40,88,36,30,164,19,30,41
914,9097,2838,157,507,764,4540,3555,12754,5161,460,276,2805,118,5657,3361,1364,636,199,189,13,647,34,413,52,555,411,173,429,15,246,440,61,162,1598,153,1290,144,125,49,150,79,61,97,23,75,81,45,67,117,156,40,54,54,58,180,87,19,29,188,20,34,40
915,14250,2979,1310,2445,2931,9160,1191,8543,6702,2783,2262,2756,812,7453,2982,3888,862,384,396,88,637,60,557,100,604,506,319,942,15,391,950,38,272,2398,139,2245,167,304,70,330,137,159,285,46,234,221,89,101,375,231,142,81,206,157,391,239,55,138,776,37,129,118
916,11828,2838,1412,4598,2214,5902,833,4082,3486,3836,3432,3760,652,4666,1490,4549,457,426,448,62,869,98,840,150,1046,684,344,1046,19,670,1091,46,293,3116,296,3064,268,226,50,160,94,60,170,32,115,140,57,92,218,141,87,52,121,96,336,123,31,56,567,20,66,82
917,10328,2380,1408,1590,1343,7381,2975,8899,8376,1220,1182,4214,317,4927,2427,2159,432,323,240,27,413,29,250,23,324,120,121,248,19,158,329,22,136,998,66,893,88,108,46,125,79,32,73,13,69,70,26,52,94,50,30,33,71,32,91,73,21,42,191,10,31,56
919,3496,1422,590,4521,575,1510,369,1740,867,1595,1479,1320,184,1248,926,2583,93,93,55,97,241,71,324,204,390,375,199,416,19,276,2293,39,113,862,61,1005,153,191,56,142,99,69,133,33,190,94,67,90,163,161,77,64,121,126,279,102,52,49,560,23,77,85
920,6163,2634,1241,1830,2263,4613,932,5674,3084,1821,7600,5082,581,2879,2450,1948,370,378,462,188,921,128,944,134,4852,760,528,1681,76,411,609,378,431,2268,482,1068,470,661,330,778,221,594,1606,602,597,733,604,1343,692,779,672,134,656,481,717,683,335,397,1503,97,236,1015
923,3946,1110,763,1392,456,2033,609,1899,3693,1166,1817,1603,271,2033,423,1179,112,213,274,59,322,31,295,61,287,387,173,242,30,296,534,268,188,953,64,986,115,115,55,63,67,43,145,28,121,91,46,69,157,125,71,31,69,48,140,72,30,59,266,38,85,73
925,1544,2102,1316,1113,884,8483,870,3679,1644,1900,1063,2360,308,2254,4304,1842,458,208,250,32,619,94,477,182,809,526,278,517,15,269,1202,81,256,2325,85,1735,165,301,59,213,126,52,124,21,159,128,66,48,312,218,59,57,109,115,474,109,26,50,100,41,42,79
926,1058,443,715,811,415,4342,83,677,2912,1636,1032,325,123,544,201,1021,97,456,58,23,120,30,54,33,49,39,12,18,1,28,83,4,10,154,5,126,13,124,121,72,36,24,79,37,82,97,64,66,518,160,80,30,58,70,345,70,41,50,100,29,120,72
929,9576,13254,7623,6780,11790,26873,4578,28781,17508,11849,40474,23434,2680,11428,17208,12901,1624,1866,3959,2367,2994,115,933,128,11278,391,593,2358,132,204,1011,858,392,3721,354,795,532,935,1207,1041,139,630,1913,1598,795,774,1344,4245,1246,1226,1355,157,1411,898,885,1733,1127,405,1061,302,555,2854
930,1950,1152,0,50,6,288,0,1107,1676,239,738,31,38,503,548,273,16,47,7,38,24,36,216,93,46,470,166,80,15,470,209,213,19,455,110,430,11,74,33,46,20,62,194,43,433,78,25,41,133,43,23,65,66,52,181,60,47,37,466,26,27,39
9308,3692,1410,1149,6518,2380,2449,1345,5573,2491,1299,1945,2515,1197,1325,1825,1451,659,752,1003,677,1104,72,359,270,536,214,130,1003,103,248,868,145,259,380,185,259,148,944,193,450,70,375,935,392,758,609,274,505,1151,552,945,89,481,407,833,141,378,1433,1767,243,177,827
931,2761,785,0,38,6,181,268,575,2159,134,154,48,0,509,67,171,6,20,3,12,23,54,25,32,15,1044,204,122,0,2503,158,12,21,258,9,1548,17,68,20,20,8,46,235,11,730,70,11,33,85,16,15,46,48,20,202,55,10,15,851,8,20,16
933,3890,1263,7,242,49,548,280,2083,4189,143,571,421,132,729,187,719,73,54,49,40,48,24,130,39,62,909,107,124,18,602,122,38,57,206,47,777,34,104,31,32,44,64,394,76,481,87,27,62,62,61,83,20,74,56,129,141,23,49,932,21,30,111
9332,9771,5841,4254,5822,4025,34336,2992,24059,8170,5763,17356,7987,1571,10580,7154,3516,1146,526,2701,728,988,921,3651,1157,68512,3517,4652,44056,490,1556,4884,4162,2355,17052,1367,1842,5811,848,575,1167,192,687,1638,1340,1279,682,2774,4109,790,565,1327,564,846,561,629,1412,584,465,737,153,362,5616
939,2227,920,396,194,314,1242,39,963,2208,1560,1599,370,122,1175,741,913,175,141,50,4,65,30,227,49,120,260,160,59,28,179,92,225,80,470,104,518,151,203,92,208,124,95,332,38,297,306,51,64,268,219,118,60,194,104,376,166,58,39,811,45,75,81
940,3858,954,259,162,414,816,562,2128,1718,272,677,936,50,1492,537,979,141,118,34,65,135,8,75,17,785,146,55,50,8,125,143,29,32,189,24,233,130,125,26,25,24,42,61,45,40,42,35,31,56,49,52,12,45,30,88,75,25,36,202,8,37,51
941,21099,5260,2278,1928,3196,2635,2633,12368,2227,1562,3280,3715,2333,3211,5516,1885,434,113,351,148,336,12,135,44,453,103,122,250,41,172,67,226,40,246,53,66,172,129,54,148,26,86,304,209,169,73,87,249,148,327,68,34,74,70,139,48,132,110,447,47,49,125
942,2143,1793,964,1452,1181,2159,751,3014,491,1687,1493,2767,829,1844,1203,1586,332,240,327,240,365,38,482,120,2293,232,196,1472,94,202,659,132,213,986,125,248,211,136,93,240,51,98,349,265,88,85,175,360,131,65,170,79,91,194,151,124,135,101,218,41,109,195
9437,59,43,21,395,27,91,36,95,0,170,0,119,6,120,53,213,7,4,0,8,6,3,19,45,37,23,26,24,0,22,299,1,3,49,2,16,4,19,22,61,16,16,37,24,35,38,20,40,53,24,22,18,39,26,41,33,22,28,59,23,27,20
945,2260,626,551,1873,406,1010,524,1933,475,555,998,1438,214,792,771,1072,322,31,165,87,194,17,86,25,626,84,44,110,18,57,104,31,36,245,44,108,99,51,44,56,17,35,173,126,67,59,86,127,57,103,59,16,61,39,28,65,64,45,73,21,23,71
951,10893,5180,557,3140,1496,4738,1983,9767,10770,1679,4591,4155,363,3862,2905,2467,621,265,386,270,961,196,787,122,3137,1309,395,766,95,804,1935,1260,441,1595,306,1881,311,70,30,37,10,36,111,42,105,56,44,142,77,117,61,17,60,27,66,44,30,21,287,16,36,104
952,1634,2581,438,560,9411,7410,2228,3996,2391,1944,1835,807,138,5873,3499,1943,788,1338,298,111,299,123,523,92,444,617,245,1319,129,317,448,128,58,1727,128,793,19,133,111,505,202,59,212,31,126,172,51,159,341,139,107,153,197,127,391,278,62,1109,354,52,48,506
953,7571,4219,698,1966,5830,2743,1243,23439,1891,1610,4334,5219,948,4530,5569,5417,1544,796,807,478,1540,1046,1712,414,2485,3498,1055,1228,546,1760,1517,3044,1389,4720,1411,4570,1229,361,265,174,164,157,493,312,286,233,206,345,238,614,501,22,131,126,224,512,458,180,593,220,188,346
958,3482,2367,608,2543,4270,1479,385,1863,1257,3241,6710,2296,825,692,1333,1784,1768,1974,159,426,1141,196,884,155,2163,1522,530,2230,489,916,293,655,328,2275,470,1866,1117,328,188,1504,223,208,664,758,308,202,249,1201,366,304,383,196,181,147,487,540,460,922,695,182,687,542
959,964,90,52,93,2,130,119,332,348,104,30,266,0,606,156,55,25,13,0,7,55,3,67,5,48,46,19,64,1,45,79,0,10,91,5,196,13,86,26,19,38,34,35,20,67,98,24,39,49,65,47,11,36,24,61,48,26,31,310,18,49,41
960,46,1167,54,220,8045,1,194,290,0,3109,154,74,180,519,619,768,8222,1636,1093,674,2850,7729,13308,46369,25699,6541,362638,38711,13052,9652,22588,21989,21247,15788,6740,18434,29050,5291,2197,5299,1373,2244,6162,4182,10764,4922,5525,5527,4351,6339,5479,333,29093,9045,7756,6863,8214,8071,6222,14967,13599,20664
961,21290,11189,7179,37585,20110,10720,29510,60703,9388,28996,10222,45703,18465,62928,23328,15143,5654,15403,12538,1905,7077,303,908,2062,1499,1701,2392,2911,2015,2796,1205,1560,1383,2223,1403,1796,1608,5419,4290,5740,710,2629,3622,13163,4186,3492,2327,20546,1974,2962,1834,346,2935,6188,2668,3097,1210,3302,2614,1103,5823,3939
962,2833,882,725,1203,163,1761,734,4808,4760,1343,524,1517,297,1340,593,1645,142,96,106,104,194,32,389,80,427,348,267,977,31,249,855,170,139,1064,62,744,72,231,60,166,131,122,231,57,259,166,63,149,266,106,91,93,150,128,261,184,107,95,870,27,81,137
963,1281,478,33,31,0,266,134,170,2054,79,121,0,0,385,333,100,16,17,10,2,1,239,2168,204,9135,1386,1360,4100,228,1144,5983,578,1067,6873,584,2869,671,1303,483,1417,432,843,2525,1051,1501,873,1343,2140,1167,823,1064,660,663,933,1152,1045,715,610,2448,115,368,1810
9636,30084,21511,4355,5042,31976,11149,3041,10258,3323,22017,190819,7870,24193,13647,9519,3883,726,1464,2984,1754,2331,52,43,380,76,57,132,33,245,243,269,29,1232,140,248,104,240,3239,420,631,104,557,453,1889,462,196,935,2651,1722,378,268,608,224,1008,872,357,1564,607,1826,590,354,1739
967,75387,39189,17774,38385,79936,45318,39621,195325,74866,39676,59475,69194,39818,82652,84720,28250,15262,24916,34985,16007,23378,8215,8734,4600,12155,4681,7369,24210,8349,4303,8377,4822,6719,14857,14339,12606,5604,7186,11611,4829,1633,3911,10542,13086,12729,11990,8860,18855,9869,13087,9283,621,11239,8395,3954,7435,6055,4893,9507,3819,7134,8014
968,5233,6592,1456,2991,6220,10811,2378,25870,4989,6175,16386,11935,2888,4179,6016,2296,2511,2011,2415,3063,2834,1316,12802,1151,33930,1448,3022,16899,939,1489,9261,3894,5402,23110,3612,3711,1329,1058,431,1432,184,670,2334,1032,946,766,2159,3943,1122,1082,1623,259,1067,984,891,627,802,774,1251,343,861,1889
970,570,118,224,105,148,277,41,296,0,946,1174,18,0,179,510,71,25,240,6,6,75,2,15,21,11,6,17,6,13,14,19,62,15,30,41,16,6,31,12,103,6,20,51,35,22,18,27,49,27,26,48,13,39,36,41,23,25,37,46,10,24,73
972,9891,9261,4310,9134,3762,14676,9399,28105,11367,6992,28429,20446,1123,8131,8947,3456,1651,494,1602,1862,3815,1589,27320,2773,94763,13940,11215,58968,2538,5843,13265,5009,11004,45579,22023,46986,9066,16949,5608,33546,4417,7070,22883,7505,21865,17759,12621,34761,16219,27552,17575,1725,14338,6906,14700,13901,5538,3399,94394,2315,5178,18089
973,6580,3930,262,398,38,5820,510,2089,12371,3197,7922,191,341,7266,4887,1476,392,398,48,25,29,28,841,43,21,641,206,175,2,415,326,25,33,1615,30,1294,7,299,174,162,198,183,758,66,663,615,69,146,455,357,94,77,440,251,728,265,142,71,985,109,210,93
974,3806,992,208,316,116,819,163,2312,4772,705,1461,169,230,872,667,679,104,52,38,41,158,45,163,105,44,364,121,112,10,289,377,56,34,395,42,742,77,132,78,86,52,68,344,40,389,133,57,98,235,169,62,57,136,80,245,144,51,58,951,69,61,56
983,1914,2373,1125,583,5360,2099,896,37989,814,1152,1490,4378,352,1318,17788,605,8861,5298,1913,855,3569,1704,762,1534,106,69,785,184,275,690,264,896,586,340,496,180,955,573,399,365,71,217,187,1841,499,226,250,1400,1715,297,114,241,1032,3827,884,290,550,2332,224,726,1043,412
